{
  "best_metric": 0.7210515334863342,
  "best_model_checkpoint": "vit-large-patch16-224-in21k_captcha/checkpoint-337",
  "epoch": 1.0,
  "eval_steps": 500,
  "global_step": 337,
  "is_hyper_param_search": false,
  "is_local_process_zero": true,
  "is_world_process_zero": true,
  "log_history": [
    {
      "epoch": 0.29673590504451036,
      "grad_norm": 2.8021469116210938,
      "learning_rate": 3.7091988130563796e-06,
      "loss": 3.4831,
      "step": 100
    },
    {
      "epoch": 0.5934718100890207,
      "grad_norm": 4.59189510345459,
      "learning_rate": 7.418397626112759e-06,
      "loss": 2.5473,
      "step": 200
    },
    {
      "epoch": 0.8902077151335311,
      "grad_norm": 4.897904396057129,
      "learning_rate": 1.112759643916914e-05,
      "loss": 1.5817,
      "step": 300
    },
    {
      "epoch": 1.0,
      "eval_accuracy": 0.7210515334863342,
      "eval_loss": 1.2092992067337036,
      "eval_runtime": 21.0417,
      "eval_samples_per_second": 227.786,
      "eval_steps_per_second": 7.129,
      "step": 337
    }
  ],
  "logging_steps": 100,
  "max_steps": 13480,
  "num_input_tokens_seen": 0,
  "num_train_epochs": 40,
  "save_steps": 500,
  "stateful_callbacks": {
    "TrainerControl": {
      "args": {
        "should_epoch_stop": false,
        "should_evaluate": false,
        "should_log": false,
        "should_save": true,
        "should_training_stop": false
      },
      "attributes": {}
    }
  },
  "total_flos": 1.1815864746112918e+19,
  "train_batch_size": 32,
  "trial_name": null,
  "trial_params": null
}
