{
    "epoch": 40.0,
    "eval_accuracy": 0.848529104944711,
    "eval_loss": 1.125152349472046,
    "eval_runtime": 21.0061,
    "eval_samples_per_second": 228.172,
    "eval_steps_per_second": 7.141
}