{
    "epoch": 19.984455958549223,
    "eval_accuracy": 0.9693877551020408,
    "eval_loss": 0.11516418308019638,
    "eval_runtime": 18.4228,
    "eval_samples_per_second": 223.419,
    "eval_steps_per_second": 7.002,
    "total_flos": 2.026096565605354e+20,
    "train_loss": 0.02361848537897156,
    "train_runtime": 3708.2744,
    "train_samples_per_second": 199.748,
    "train_steps_per_second": 1.559
}