{
    "epoch": 19.984455958549223,
    "eval_accuracy": 0.9693877551020408,
    "eval_loss": 0.11516418308019638,
    "eval_runtime": 18.4228,
    "eval_samples_per_second": 223.419,
    "eval_steps_per_second": 7.002
}